[
  {
    "id": "UO1D8E698D",
    "team_id": "TOAC06ADF3",
    "name": "28F2B43",
    "deleted": false,
    "color": "757575",
    "real_name": "910QL4 j",
    "tz": "America/Los_Angeles",
    "tz_label": "Pacific Standard Time",
    "tz_offset": -28800,
    "profile": {
      "first_name": "ryMLRYW1Iefx3el",
      "last_name": "lfEM",
      "real_name": "9FNmCFGF",
      "real_name_normalized": "DeoC SPM",
      "display_name": "zCQmul1N",
      "display_name_normalized": "I2aKsOOv",
      "avatar_hash": "sv41d8cd98f0",
      "image_24": "AnbVzg bGmOmLMfoOKeDtLhgJw4y2YYcDZaRHqK0g5UsT9gJoI",
      "image_32": "0bJJIsXBWsTKEBh3sNcV4fyJeSEfkPxKiwRZ2xJaBPQCOhT3 P",
      "image_48": "13ddfHqR4037uMTpQ8RJM9b0OqQlrnlthrXFilJeZPoCnD yyn",
      "image_72": "3yNcsmxUKZd tiFr8nSEbNdWd8BaaZV8tiW2HLY8qjVPrlYb9C",
      "image_192": "AGunStiV3zyBvhnUKh0 PI5YmGb3gBlfpad6aybnndsr1Afmd2SYbr55SqxQXyXT7UilbASScpaVkmFpW",
      "image_512": "2CmwhKHbqi1 rwd5wvayRMZ81aX7WX4l9XIoj0LSNfDbyUy6T5M",
      "team": "TOAC06ADF3",
      "fields": []
    },
    "is_bot": false,
    "is_admin": false,
    "is_owner": false,
    "is_primary_owner": false,
    "is_restricted": false,
    "is_ultra_restricted": false,
    "is_stranger": false,
    "is_app_user": false,
    "is_invited_user": false,
    "has_2fa": false,
    "two_factor_type": null,
    "has_files": false,
    "presence": "",
    "locale": "",
    "updated": 0,
    "enterprise_user": {
      "id": "",
      "enterprise_id": "",
      "enterprise_name": "",
      "is_admin": false,
      "is_owner": false,
      "teams": null
    }
  },
  {
    "id": "UOF82F39AE",
    "team_id": "TOAC06ADF3",
    "name": "080EB6B",
    "deleted": false,
    "color": "9f69e7",
    "real_name": "kPVTqHcBWssWFAU",
    "tz": "Australia/Brisbane",
    "tz_label": "Australian Eastern Standard Time",
    "tz_offset": 36000,
    "profile": {
      "first_name": "sMzz45ztMvr4suyWyeFoNwn3l uVm0gCleRuqUKjR",
      "last_name": "ycupE0OEwo2up",
      "real_name": "WgO268Xc0KtFylJ",
      "real_name_normalized": "J4Uxax9flaVZ5EO",
      "display_name": "",
      "display_name_normalized": "",
      "avatar_hash": "g1eca2328d65",
      "email": "TQ2NR0wy2HFezy 3d ",
      "image_24": "i9u DjiE4xdcr2tjkuNwD6FmD n0A99gIBPArDcbmhHWWM526Sq1N474KlmEPOxYnDw9rR68Vlj wvPmZrm1r4xIeZKt2VslZIZWym3r21ICTyPZ 1KKaRqt1LLggsDsc xTEJYUd50UGwBDLHgTLBe",
      "image_32": "MgSPpi5sqzHTrZ9gKtvm2DGbpvzSxeUe5yPHyEm9VQrtNawwpbJD7gCpsk3YleWideM7QUnFDlTlYLwkkPjZ9LsSDvipz2q6Fs68vIkmxFTRT51OJzt6vSKMtQeO2Jzl7hibouCaKrzffDNDIbinPa4",
      "image_48": "9wCWscbtUmz5QuZU3dwkOCHf6J8vnh3PPjJkUESjoGUSCtTaLY 0nPqWoJpy5ujrgSH6VIwFc15yTtMozI4z NZaVjtnKXuiLTjBcKWtqLWtXTAVUfn u0PtJoNEAwsy5bzKc9bQAr5B4U2UP0pNWVs",
      "image_72": "yddtdruvtlUSBbnY8i5BiycOTFSuHNjfVRUoUuO5rn5pC98t9g4or9V5yvGbNOOIzYYoO7vuMtlguNiw2jo7ZkYT j6IHw8nuYnBuWvzkM95 K5m6YHmtw6niJsTCeIF16nJNU8JHATPb  0yKyMvRm",
      "image_192": "a7NXi1ilMZNg1XTSibiTiKkRIU8RIAmutfwOilta wHm6BkD6GgsohnLHT5stERpAQ7YjDxuoPp9V5rjce7Ixy0KU ZOcmVsfIKTHnvyj46shC3MhEGNRXkUzGR4O3kwNWLnSckFUKSkXo33zdlgnBplL",
      "image_512": "kxVC38DIkGNA7UX6xHxpAgCq4MO3R QwLtkDUbBGrx Cz7MFTeiXAVrq8suYtTBUty2Xw8FJ5OVRfWirvdDOap8n4J3z706WAuojE7sgU34BvV31C8 SFPzVKnq1USRLYVSo2 akjMzinOMtas9YVdkmq",
      "team": "TOAC06ADF3",
      "fields": []
    },
    "is_bot": false,
    "is_admin": true,
    "is_owner": true,
    "is_primary_owner": true,
    "is_restricted": false,
    "is_ultra_restricted": false,
    "is_stranger": false,
    "is_app_user": false,
    "is_invited_user": false,
    "has_2fa": false,
    "two_factor_type": null,
    "has_files": false,
    "presence": "",
    "locale": "en-US",
    "updated": 1684483277,
    "enterprise_user": {
      "id": "",
      "enterprise_id": "",
      "enterprise_name": "",
      "is_admin": false,
      "is_owner": false,
      "teams": null
    }
  },
  {
    "id": "UO9EBC728B",
    "team_id": "TOAC06ADF3",
    "name": "90A7696EF7C3CAA",
    "deleted": false,
    "color": "e7392d",
    "real_name": "AZyzmvsTJ",
    "tz": "Europe/Moscow",
    "tz_label": "Moscow Time",
    "tz_offset": 10800,
    "profile": {
      "first_name": "LH3cYF736fDCl9Pml8hN35wJc",
      "last_name": "v6Ib 5F5KmpeMqUR2mU0PZWCZFcx Ry7V",
      "real_name": "4hMU9nZIB",
      "real_name_normalized": "D2KUQAs1L",
      "display_name": "",
      "display_name_normalized": "",
      "avatar_hash": "g5a51d9723db",
      "image_24": "hO9goNDElESPVK5Z9iDCK8sOijxgFo2Fjw8o0np0Bk5kC6VBtOzYgi8k4UZoOBsdzOLnUbwSR cBEKTKNLGqjCx WNKZyDWkzdKKh 2VVY1mQbefvnsUNVjwGzKFcKxuIlJ2dYo5z59neCfT8P2Y3tx",
      "image_32": "x2DWYnS4byakb lzlUhEwRgYHfGCrkOpsTJipC5Rkn7fG2HqELHmBB0xiqZ5lsRKEFX4teeI3dG Uy5t nw9DFnJ1tKdCjnZ96Zyq6qTdwzQpZpP64XoDmr3QOA7CWBcgA9NlbcZKd73xRR8vIPEV5c",
      "image_48": "60tVwk hsXxjRgGZcMvKU1OTpCOGAJzyZWTqpBvdPit3RfJ8usrWyVgc2Aj00adIb4HjDBHJIaqxnX6B7AKRAR1fbd6krqET46MSOr3CtFrxvwiR7WYdArIhHuPloeEMBnxoYE DSrYEXIiZviJJkDH",
      "image_72": "g2i2L6fevRgEBfKAkLawF9GjrPYdpEA0SzkSUONbWPvMWVZTxcCKKDkggHKgpyXEuAczSmYCoIAKpEq9VDEDtoec75s8EbAdrtf536EhfErTcMfJPYKlB9cWay1wvTrN3PEcCT6YkOowioILfGSCbDh",
      "image_192": "7vh7ARvBdZIYLaHAQDWsySn8QzO8KG5vn4cjqDytOUy9kjGORO1qe9EHZXp3XUz4QUUqIl5wsnk9EsX07ZqIwruHS5hs6o9LGqX1p8Y4EZlDeMQAJk3OtZrXoPAvHCf9NCOpqbrhxOea5sQa9oaMC5bvT",
      "image_512": "merLBFZu4VauUVTagHWId7jo2MLfJFHATNiJI7MQiwUwQTvVpoe OUN2Aclf3OrhLVX2Ym9HP7IYSW981O 5j4Dqv0PzAW3DB1JqzQNjFmaMcycWqbADOFQwYbVuuhe3g56XmmHAEc0prf5PNSmKbpZxi",
      "team": "TOAC06ADF3",
      "fields": []
    },
    "is_bot": false,
    "is_admin": false,
    "is_owner": false,
    "is_primary_owner": false,
    "is_restricted": false,
    "is_ultra_restricted": false,
    "is_stranger": false,
    "is_app_user": false,
    "is_invited_user": false,
    "has_2fa": false,
    "two_factor_type": null,
    "has_files": false,
    "presence": "",
    "locale": "en-GB",
    "updated": 1569102229,
    "enterprise_user": {
      "id": "",
      "enterprise_id": "",
      "enterprise_name": "",
      "is_admin": false,
      "is_owner": false,
      "teams": null
    }
  },
  {
    "id": "UO83069134",
    "team_id": "TOAC06ADF3",
    "name": "86E9BB",
    "deleted": true,
    "color": "",
    "real_name": "",
    "tz_label": "",
    "tz_offset": 0,
    "profile": {
      "first_name": "Tg0qbCTqlYYYgnbn2zntWqEGDHXNqA5tD",
      "last_name": "jyvVqgFtU yI",
      "real_name": "Tu2M",
      "real_name_normalized": "Lyz7",
      "display_name": "",
      "display_name_normalized": "",
      "avatar_hash": "e9c1970fd6c2",
      "image_24": "HtqgWnbiHis8QzuDbYCZqxMZELCvUFg1nSwGXTIPHvq53qjKPjuwqPZR38XQ1kKCoFRAYE zUgioinVjSy",
      "image_32": "snsKe6Kakkn  Np1DSFLa7xn1lAnjDwpIH6h33HogzKqD8GVAGEzmSj9IrGHDv qlKxs8KW342Wmnn3Eqq",
      "image_48": "Cki2Q5WpfqvYoSDRQTFLrg8mtVivkjXZQRsL5UW01vNHBk3NJebYT8eNL2ooczHk0Tbkg6MubtylUSQ42s",
      "image_72": "ohxy5i1mRc7T5CwJbXHJFnFQOVlC3Vaey3iOyVw9bdZ96Ku4bpPSPBZqr4egCg3PwszW4AYnHxUNMLgdLL",
      "image_192": "6Bud8x0DJGA4yy8nkItebaRHulB54SinZou7zamOcLw3YEoALKE0CHLYGvi1n6de4iP A58ObVu2arTdDjt",
      "image_512": "scmHK2UZnGEG0jw7CwsM6Y dWlb0plArA7zbK qReAqK4LAjY1L0Ue5 L On8HAFBKYsDjAfaE suNwxDyD",
      "image_original": "uOfLQ41C3GweFNQceMlhlrwGMbghQop6fV62DgN28EYuWVrxuoDvc390AHMCG9vSw8IGeVYuuTEZGAo3Erg7DPzP",
      "bot_id": "BN5RW4MPT",
      "api_app_id": "A2RPP3NFR",
      "team": "TOAC06ADF3",
      "fields": []
    },
    "is_bot": true,
    "is_admin": false,
    "is_owner": false,
    "is_primary_owner": false,
    "is_restricted": false,
    "is_ultra_restricted": false,
    "is_stranger": false,
    "is_app_user": false,
    "is_invited_user": false,
    "has_2fa": false,
    "two_factor_type": null,
    "has_files": false,
    "presence": "",
    "locale": "",
    "updated": 1645588585,
    "enterprise_user": {
      "id": "",
      "enterprise_id": "",
      "enterprise_name": "",
      "is_admin": false,
      "is_owner": false,
      "teams": null
    }
  },
  {
    "id": "UO608BD77FD7",
    "team_id": "TOAC06ADF3",
    "name": "B5AAFE8",
    "deleted": false,
    "color": "3c989f",
    "real_name": "51X1tOdc",
    "tz": "America/Los_Angeles",
    "tz_label": "Pacific Standard Time",
    "tz_offset": -28800,
    "profile": {
      "first_name": "vUYKkfAFDvAG BuBRuV8P",
      "last_name": "DFNZqJbAG0yuwggJugTW0Duf",
      "real_name": "NCRlCV7C",
      "real_name_normalized": "Z0SATbbw",
      "display_name": "",
      "display_name_normalized": "",
      "avatar_hash": "gadaecdbece8",
      "image_24": "Khn70RzF N7aQXFh8wlhRlit8QDiLwCEVwn6k7eXJydZrEkAu32UoPHwk7lBcKPNf3xYIXLmrjffRYTdsIuDEyD8jww6cQb8biqUv8AszHbmHniPMOmfu0fb8rJBisJ19YrrMY182e2fds88wrn5TPg",
      "image_32": "X5C2nHiLf25Tzv6L7 OhFPfh0I7ywdR2B0FyNggFSMcl UYt6OUsnR7j1SfHiJNZr8nvykMlRPheYNHLmEsOgRi27CyoQqusJrRksBRvrSx4CWC8W6MEFOqqHM601GyYDeKGxuSS18z4PFJKHqjZ BO",
      "image_48": "wAksRyucZV4Vmrgo2iM74CdhDaILIU32amo4yT5x9HptclUPlN96IfYuzTRmXEpvSoDJa GIE4XnQwj7IzpFAkjfah0lD7QGo82JXH7RmgGVQspZjIYgvh2rMV808qT9SyxsdgCtzLnupD0hCIkla7 ",
      "image_72": "7Gssu1DiRVIXlotkbjYFNYy44jd4DazJQoOpCbNj33I 4KA0GFzL93dNQCIsA4VS iK19l7Y03oT D06z0MRUzsWrtsibK9rqvnp4p5dtUeWsjQpQO8 TFoFBeQ10NBt8rsqFHAYhPx9 qqHkQVfruw",
      "image_192": "mn6LrCYmxt38hmrQ9mUh8hbnq5Nvxhuw0PZDIQCi5Itas1b81tw1qfnP0OAiebMDGvju1nutsH1BpL0vd81BdfJYGvoWfrTa6T5UHMawe2KXhnEUP7VbkvruWf7EH1T8VSHTvdB1f9 93xT0R11FuhvTc",
      "image_512": "QAigeOGVS8VAQq3uzBDaTBHjSF DOV8BIB6epMpdtIDr57lNmsBu98do5i9vQkjMdIrzIqAHp9zjYeVmZ0foOYkxvvHcfF1UJFH yX9fhzuV2BaRE6KxJU9MCVIGfruLkU5IOHKxRcSG1XHW1z1ElgU k",
      "bot_id": "B015K0TQTN2",
      "api_app_id": "A015RNC4LF4",
      "team": "TOAC06ADF3",
      "fields": []
    },
    "is_bot": true,
    "is_admin": false,
    "is_owner": false,
    "is_primary_owner": false,
    "is_restricted": false,
    "is_ultra_restricted": false,
    "is_stranger": false,
    "is_app_user": false,
    "is_invited_user": false,
    "has_2fa": false,
    "two_factor_type": null,
    "has_files": false,
    "presence": "",
    "locale": "en-US",
    "updated": 1592610542,
    "enterprise_user": {
      "id": "",
      "enterprise_id": "",
      "enterprise_name": "",
      "is_admin": false,
      "is_owner": false,
      "teams": null
    }
  },
  {
    "id": "UO209C876E99",
    "team_id": "TOAC06ADF3",
    "name": "1557CA55A9F4D1BF",
    "deleted": false,
    "color": "674b1b",
    "real_name": "e8TocXkTtnUCgf",
    "tz": "America/Los_Angeles",
    "tz_label": "Pacific Standard Time",
    "tz_offset": -28800,
    "profile": {
      "first_name": "qXI8pJ0vKlxh4b560U7tO7x",
      "last_name": "FLG5GWwaWJORmwaFLDyxUlXP9XzE8Oz",
      "real_name": "mTC7XiFrWqP7RL",
      "real_name_normalized": "TFtHFvlm6pQqdg",
      "display_name": "",
      "display_name_normalized": "",
      "avatar_hash": "gae9ededeef2",
      "image_24": "qgJyFrdGUHN8P0wMMNpnaNyw6buwFBgtdCXSmS8MVnjrMJqNlDJV360Tq4QS6YZsODngkVaYehvZ7y9cBwcRZYRVTylAqxW8qRo5oQlBegRBYZ4M860l01jwGivLW9uhrlQvAFeKuV2Fn3S3KfdGJ6w",
      "image_32": " ZVIJ3hTX9OH kAWzI7xKke14XtOvTCbHSr33nZeA4bwcBA Sn 75QohXW yrGGolqa7UTSwG8wVzrSoyaqmIJfeEdVOFcnFblbUy5bbKdSnqcW1oWpBrSNrCKLx26wQrfI2R4GoySiBTGnyCOPbqcz",
      "image_48": "jN5dY2KWEf0p8ZowJz9CWtZZxvH92zADHkwfssdkU1jV8bNW2qjVdfwn6X0u57ioglOGIItOjljGLZjsXuqR4pToWoJfxw3tBJanvtIT6wJpWdyw2dHSmQJemVFfjdZ2E0LcwSXaFacwgU6EM39qkx5",
      "image_72": "n895Fp68KhXpvbbFv8xr68GuzVL2cr8AoBUXWKsyUA1vS3HoOHRJfalSMcWRfGZovzpEpf4eu6YQJ79HPSHXESTYn7DOEYbf7AxH3d06AtJ71DHNIiusvLu28VBgGHQwugFZz1M Jvd B1ic J tsvt",
      "image_192": "wb1Vo3BVIgOBxXSK0 wB2w8bQVJ2ZkPxwmIjOzoUnro5zrYlxx68YXBUkG6 gpYtjSMdansGbGE E2dRAuyrxJxbDq04jRDABIYSHX5Kx8zIeUV5HYgJZXzaleJBhqd 4sPy76OBGH5rfgyjxarsO6I11",
      "image_512": "WloFtvAzgGwE2Qc5 dfO7QiqJFYfszopo2gGuhsTjSZZcJxwGw3GUww53aSBaVrIsgPxBKXIs5q6RqTo07gIE4kz5zYkV J21wqEJVVLagyVmS321muoTKd5ODBvKTwgoyS7nBJfdvcJqfCodllEYySXF",
      "bot_id": "B035AAUBQ3S",
      "api_app_id": "A035A9SCZDE",
      "team": "TOAC06ADF3",
      "fields": []
    },
    "is_bot": true,
    "is_admin": false,
    "is_owner": false,
    "is_primary_owner": false,
    "is_restricted": false,
    "is_ultra_restricted": false,
    "is_stranger": false,
    "is_app_user": false,
    "is_invited_user": false,
    "has_2fa": false,
    "two_factor_type": null,
    "has_files": false,
    "presence": "",
    "locale": "en-US",
    "updated": 1651889318,
    "enterprise_user": {
      "id": "",
      "enterprise_id": "",
      "enterprise_name": "",
      "is_admin": false,
      "is_owner": false,
      "teams": null
    }
  },
  {
    "id": "UO1F61501FC2",
    "team_id": "TOAC06ADF3",
    "name": "F9E3A2C41A74EF3",
    "deleted": false,
    "color": "e96699",
    "real_name": "YAlzoXESudhug G4",
    "tz": "America/Los_Angeles",
    "tz_label": "Pacific Standard Time",
    "tz_offset": -28800,
    "profile": {
      "first_name": "GbyNTmxbQodLJPHUzoesmlHjJdQG2kuhunQbim8qi",
      "last_name": "EM7ss0QKrmlhB2BH2kXFoe",
      "real_name": "X3AJfnIH1C78NlUP",
      "real_name_normalized": "06gtEwOWwOUz2RDr",
      "display_name": "",
      "display_name_normalized": "",
      "avatar_hash": "cf45b023645d",
      "image_24": "W81Jf5dFRtMxhs15ex0KCay fzTPJN2zEbqPuCknXMTqf2Y48i1dbQu1NYBoRVNC1TT9kG8b4A5T8E6ip7W",
      "image_32": "lEwWGEmGPJUARf4OHm3qg0FJD0fHWX7SjmHKy9W5Bvr1ff5gMYrFL3I9dw8zLr4cXQ8vvDGcgoPH445QfKg",
      "image_48": "JkjA96dH18VtqQglhHkTsp9mKzeZIdbBskSyA ROZSA08AsCVmYY1B7VkPvYAXFCAzGZZ12peq4gNAkOi6x",
      "image_72": "wsWUO5w141YnPMzvrIJKh2Fzvu0awV5PxUcWNdIB1qy6yA6eYkLkxTzoqBo1w9LsaNTjwFk01XpJJJJ5SmK",
      "image_192": "LPa6fUoJZ5SlFnTvgbaqLfKXgCA0iy2N4iolXxs1WASxKkNZj7XuL0DcEQ4A4QiqumpJGgPyigyj6shVJN2O",
      "image_512": "H7hV E2C27xkFieteN2p8zDZORlUFdOnQ6aiI8xAU3qwjKQ9TNF3inX8g5Z8dT82pQ6zNuN6RMmJlBGJYVan",
      "image_original": "pmVDF05XxVa5QAm17SDK3t9DFxDYBjvkB8 nhTim ZOvFY9bbwxygQ6tPquDUEhCIAF88TtaUDCcN2qJBWLffVLJa",
      "bot_id": "B03MW5QQ9HB",
      "api_app_id": "AFV5ECLBZ",
      "team": "TOAC06ADF3",
      "fields": []
    },
    "is_bot": true,
    "is_admin": false,
    "is_owner": false,
    "is_primary_owner": false,
    "is_restricted": false,
    "is_ultra_restricted": false,
    "is_stranger": false,
    "is_app_user": false,
    "is_invited_user": false,
    "has_2fa": false,
    "two_factor_type": null,
    "has_files": false,
    "presence": "",
    "locale": "en-US",
    "updated": 1656658504,
    "enterprise_user": {
      "id": "",
      "enterprise_id": "",
      "enterprise_name": "",
      "is_admin": false,
      "is_owner": false,
      "teams": null
    }
  },
  {
    "id": "UOB5F987BF17",
    "team_id": "TOAC06ADF3",
    "name": "85EEA602CA",
    "deleted": false,
    "color": "aba727",
    "real_name": "AlkShc6v9A9fU08d",
    "tz": "Australia/Brisbane",
    "tz_label": "Australian Eastern Standard Time",
    "tz_offset": 36000,
    "profile": {
      "first_name": "OfrpcX2ffsK0bepCUhIqiKhU8wOvK754Xi",
      "last_name": "QjdflDqul",
      "real_name": "VFRmaaKq7LC7tyRP",
      "real_name_normalized": "51SCz1FRWFFmv4Xb",
      "display_name": "YTX35tuC1zyFhKZL",
      "display_name_normalized": "57dLzOcXCCGpZbAo",
      "avatar_hash": "g91931b75eec",
      "image_24": "h XbYAhvckOfvwmOsML9QT4XmtkOWQFf6j6DunTsBKv6QdARSyoQvADEYKtZx21DU8tlTTo5fsbbmOqkI6QdWGL9lxLShRMHRZ0XFdlCloEVHll8e1cZ5PpioM48ZaWUIkoXTthppBkJS6CyGun4Xbb",
      "image_32": "I5oL8xUpMsAc6sginSsQkTeUphtBPDx51WJAlwFtxxmV5hR6OoZ5pF2CK HdjeRJoMydquAmz4FCb1SYGW0SJrJDtjfgnSunicmcHJgSD9DcieHGAE4CYJdA8ao7JwynLwG1IFmcs5KY0HjXGjuxHYQ",
      "image_48": "6NYCWVeZjYbBdnxFaY2lEq9xcuST7VL9Jalp 5ywOnbLnzB7EGEPGtcCif0rIxPmKyDVFWOVSfZYIfRnXvGprIyTxnvEXOzsZPH34oRzUtflgMgKpzZ RPQljxTulLjEByZpmRqW5epSMcJ0SQGWKVf",
      "image_72": "l0bst96itnLyhPl6UJlkOJFsLNch96otXXLi8wBnyjau7sjYULg0lOh6VOdfUacrtSZk0OCaW3U4mlIYrIEaV0bpEuZPPjXpWVefdpwaQI7f4IC4XwZtaABXvE8Ra5F3McpyikbH91IUXeryibmwX5A",
      "image_192": "a6iQ 8pXvGSQwPPJUMIUhfOjb6pvx96sakpFIwlX9uajPkRlie3CSS4L7ZmjXNqhGqVHNZeM84tZKfltnxTVuFcBkqkuSucrqT hlOcSVCldsRDimTWXGGLEysteMkrW42bVUM2vFd8XKskqzV7gvs2Sq",
      "image_512": "tvSYU3TjDaAAx2Jq56twDwxjP8VvGxByjhDxJa 7shq6MhtpT3Ut48t3QbuuSXoCYavChsKUlezzF6wiRqiN9KP pMNbWmLYeVfCyOSfpBX9V6jZ3HGgYLBDz2g57FJjHhbknlhWX4Bu44itZAyOTFR97",
      "team": "TOAC06ADF3",
      "fields": []
    },
    "is_bot": false,
    "is_admin": false,
    "is_owner": false,
    "is_primary_owner": false,
    "is_restricted": false,
    "is_ultra_restricted": false,
    "is_stranger": false,
    "is_app_user": false,
    "is_invited_user": false,
    "has_2fa": false,
    "two_factor_type": null,
    "has_files": false,
    "presence": "",
    "locale": "en-US",
    "updated": 1736556567,
    "enterprise_user": {
      "id": "",
      "enterprise_id": "",
      "enterprise_name": "",
      "is_admin": false,
      "is_owner": false,
      "teams": null
    }
  },
  {
    "id": "UO9D8BF1781D",
    "team_id": "TOAC06ADF3",
    "name": "837FD9934B",
    "deleted": false,
    "color": "dc7dbb",
    "real_name": "Vb6uhpKiibKR",
    "tz": "America/Los_Angeles",
    "tz_label": "Pacific Standard Time",
    "tz_offset": -28800,
    "profile": {
      "first_name": "QBYhD0QyOAAH 0ZUhu7cp Wc7kVGNIzZ",
      "last_name": "dRGIOOZGTnvb9Q5pYPjWfc8H1",
      "real_name": "UA7JevyYFLnQ",
      "real_name_normalized": "2my1We4rw8Kq",
      "display_name": "vePh2VOm717 ",
      "display_name_normalized": "h42Sx2gcq4WK",
      "avatar_hash": "958f6414d631",
      "image_24": "zQcb sbnK1ZQLbgsi9i99E3l1sCH5rDMoiAVwCgqi3DvIWbbX2cv2yq5FRhsp5g oxjtYJD94lxvQPSgTVg",
      "image_32": "rqfFzMrSxbXB2D466dYPD99s8ktRyuwGo40Z3WnEWbRVu2LndzHlYrR u0wV6PMRzdjrbC2Ab1Y92NwEkTT",
      "image_48": "2cFPKHQBv88kEPXiyYnRo29vc7MnA9cuomVA q 8W9gKR6DHO0RtNYbBw9AKkiHa3kmzS64u Tv5qoWHt2X",
      "image_72": "nguQqUAaa6gi8iKGxCoiCfWaSvuboHTkPbBQsWJDmpYAfQJ5LW8fzPT4qVL hw9r4Mck2rf9KCtEgY92Mcz",
      "image_192": "i6kxu4l1jFS67rJSlm3M bfHOMmixxMnUClL 7oC4bV7Lm35dDGzrcOzjnQE5fGkGqjHvnbut8pu0OeCpmCB",
      "image_512": "mWoQ7RhHOf3mmAJcMSY1ZAYeCqMvAZonECorpnJWNuLkuHCKbOxMjkd ejS3jgqIyDnzyjFLJSm85pbCeCh2",
      "image_original": "BLO8c7a43Uq 1mU9KOLwgQ7RegkqFtyRJTkWCRUq9ltuf7rJ RPu0MDQZuSkeBbcHHzMMkLFaaIyoFWhxOicEYFp2",
      "bot_id": "B087T8QE2QP",
      "api_app_id": "A6NL8MJ6Q",
      "team": "TOAC06ADF3",
      "fields": []
    },
    "is_bot": true,
    "is_admin": false,
    "is_owner": false,
    "is_primary_owner": false,
    "is_restricted": false,
    "is_ultra_restricted": false,
    "is_stranger": false,
    "is_app_user": false,
    "is_invited_user": false,
    "has_2fa": false,
    "two_factor_type": null,
    "has_files": false,
    "presence": "",
    "locale": "en-US",
    "updated": 1736561038,
    "enterprise_user": {
      "id": "",
      "enterprise_id": "",
      "enterprise_name": "",
      "is_admin": false,
      "is_owner": false,
      "teams": null
    }
  },
  {
    "id": "UO0EC43A4792",
    "team_id": "TOAC06ADF3",
    "name": "0100",
    "deleted": false,
    "color": "ea2977",
    "real_name": "RLEA ",
    "tz": "America/Los_Angeles",
    "tz_label": "Pacific Standard Time",
    "tz_offset": -28800,
    "profile": {
      "first_name": "OXKau4",
      "last_name": "hlSpUT6jUsFaIg9caGVdBX2GDkcxRxPL59q2Yd",
      "real_name": "GioT4",
      "real_name_normalized": "AfMPc",
      "display_name": "",
      "display_name_normalized": "",
      "avatar_hash": "d77f30a080bb",
      "image_24": "HzRfDtruyFWxfjlbvTeMpx5CEY1W4jEm Sg5qkkqcDUCgUYtA39Orc5GM0PB2VbUoWMglJIaOhebgu gdN2",
      "image_32": "d2uimSVjs7sObEGm3 4if0pJOj7B SdT4hOYHM0KsMiLNERvlRmhu1He7zZcuG6 gaXE3rzbW33lz8RoVjA",
      "image_48": "3X3UfNFuLDzFhiqiUpHIdyRM rgC0aR3qDUIOPG5pLiiDJgLEweOfutyWI1YFAxWpwO6xM415UjLADZ7mV4",
      "image_72": "yhQfPPmV63h45NA6PQq7ITzgQr7kC3SO2KKw5TnzCNo8HrdrOsGR0zc5l59FokqXPc6LBeAHivimo8g8D1x",
      "image_192": "wC53NrniGCKlzYtVG xDqK19KmGkFaTyLW7SDSQNrkOvTX6PjYarl2Bs5SuJxyowvdxm64FJxjMvKfSOSbiM",
      "image_512": "F1CCOaB0FBIcV8c2qeYDqF4dkp2Lme YytSgLsI0e9hPwSIak7md8IeaCrmn9MLmpkoO0J41aOxnfTfDXZ9Y",
      "image_original": "TDRF4MLa7SCyA65fO4xlXz3GqP0nSU4BEgAzHtsXryulN6w0yLAxY0JC8AGyoUdyX90jmzY8VBIukOBx8auisWiX8",
      "bot_id": "B089LPE68BB",
      "api_app_id": "A04E6JX41",
      "team": "TOAC06ADF3",
      "fields": []
    },
    "is_bot": true,
    "is_admin": false,
    "is_owner": false,
    "is_primary_owner": false,
    "is_restricted": false,
    "is_ultra_restricted": false,
    "is_stranger": false,
    "is_app_user": false,
    "is_invited_user": false,
    "has_2fa": false,
    "two_factor_type": null,
    "has_files": false,
    "presence": "",
    "locale": "en-US",
    "updated": 1737160198,
    "enterprise_user": {
      "id": "",
      "enterprise_id": "",
      "enterprise_name": "",
      "is_admin": false,
      "is_owner": false,
      "teams": null
    }
  }
]
