[
  {
    "client_msg_id": "59693945-4a83-cfb3-92f1-e4d02e0414c9",
    "type": "message",
    "user": "UOF82F39AE",
    "text": "2CmwhKHbqi1 rwd5wvayRMZ81aX7WX4l9XIoj0LSNfDbyUy6T5Mk",
    "ts": "1737714849.675319",
    "team": "TO16BA84F53",
    "replace_original": false,
    "delete_original": false,
    "metadata": {
      "event_type": "",
      "event_payload": null
    },
    "blocks": null,
    "user_team": "TO16BA84F53",
    "source_team": "TO16BA84F53",
    "user_profile": {
      "avatar_hash": "",
      "image_72": "yddtdruvtlUSBbnY8i5BiycOTFSuHNjfVRUoUuO5rn5pC98t9g4or9V5yvGbNOOIzYYoO7vuMtlguNiw2jo7ZkYT j6IHw8nuYnBuWvzkM95 K5m6YHmtw6niJsTCeIF16nJNU8JHATPb  0yKyMvRm",
      "first_name": "sMzz45ztMvr4suyWyeFoNwn3l uVm0gCleRuqUKjR",
      "real_name": "WgO268Xc0KtFylJ",
      "display_name": "",
      "team": "TOAC06ADF3",
      "name": "080EB6B",
      "is_restricted": false,
      "is_ultra_restricted": false
    }
  },
  {
    "client_msg_id": "ccf0e59b-6289-de05-1d4c-853415e58bfe",
    "type": "message",
    "user": "UOF82F39AE",
    "text": "9b0OqQlrnlthrXFilJeZPoCnD yyn3yNcsmxUKZd tiFr8nSEbNdWd8BaaZV8tiW2HLY8qjVPrlYb9CAGunStiV3zyBvhnUKh0 PI5YmGb3gBlfpad6aybnndsr1Afm",
    "ts": "1737716342.919259",
    "team": "TO16BA84F53",
    "replace_original": false,
    "delete_original": false,
    "metadata": {
      "event_type": "",
      "event_payload": null
    },
    "blocks": null,
    "user_team": "TO16BA84F53",
    "source_team": "TO16BA84F53",
    "user_profile": {
      "avatar_hash": "",
      "image_72": "yddtdruvtlUSBbnY8i5BiycOTFSuHNjfVRUoUuO5rn5pC98t9g4or9V5yvGbNOOIzYYoO7vuMtlguNiw2jo7ZkYT j6IHw8nuYnBuWvzkM95 K5m6YHmtw6niJsTCeIF16nJNU8JHATPb  0yKyMvRm",
      "first_name": "sMzz45ztMvr4suyWyeFoNwn3l uVm0gCleRuqUKjR",
      "real_name": "WgO268Xc0KtFylJ",
      "display_name": "",
      "team": "TOAC06ADF3",
      "name": "080EB6B",
      "is_restricted": false,
      "is_ultra_restricted": false
    }
  }
]
