[
  {
    "type": "message",
    "user": "UOB5F987BF17",
    "text": "DazJQoOpCbNj33I 4KA0GFzL93dNQCIsA4VS iK19l",
    "ts": "1736554636.807919",
    "subtype": "channel_join",
    "replace_original": false,
    "delete_original": false,
    "metadata": {
      "event_type": "",
      "event_payload": null
    },
    "blocks": null,
    "user_profile": {
      "avatar_hash": "",
      "image_72": "l0bst96itnLyhPl6UJlkOJFsLNch96otXXLi8wBnyjau7sjYULg0lOh6VOdfUacrtSZk0OCaW3U4mlIYrIEaV0bpEuZPPjXpWVefdpwaQI7f4IC4XwZtaABXvE8Ra5F3McpyikbH91IUXeryibmwX5A",
      "first_name": "OfrpcX2ffsK0bepCUhIqiKhU8wOvK754Xi",
      "real_name": "VFRmaaKq7LC7tyRP",
      "display_name": "YTX35tuC1zyFhKZL",
      "team": "TOAC06ADF3",
      "name": "85EEA602CA",
      "is_restricted": false,
      "is_ultra_restricted": false
    }
  },
  {
    "client_msg_id": "4831d4b6-8ec0-ba07-9cf4-830736110de2",
    "type": "message",
    "user": "UOB5F987BF17",
    "text": "V360Tq4QS6YZsODngkVaYehvZ7y9cBwcRZYRVTylAqxW8qRo5oQlBegR",
    "ts": "1736554746.482349",
    "thread_ts": "1736478630.905399",
    "parent_user_id": "UOF82F39AE",
    "team": "TO16BA84F53",
    "replace_original": false,
    "delete_original": false,
    "metadata": {
      "event_type": "",
      "event_payload": null
    },
    "blocks": null,
    "user_team": "TO16BA84F53",
    "source_team": "TO16BA84F53",
    "user_profile": {
      "avatar_hash": "",
      "image_72": "l0bst96itnLyhPl6UJlkOJFsLNch96otXXLi8wBnyjau7sjYULg0lOh6VOdfUacrtSZk0OCaW3U4mlIYrIEaV0bpEuZPPjXpWVefdpwaQI7f4IC4XwZtaABXvE8Ra5F3McpyikbH91IUXeryibmwX5A",
      "first_name": "OfrpcX2ffsK0bepCUhIqiKhU8wOvK754Xi",
      "real_name": "VFRmaaKq7LC7tyRP",
      "display_name": "YTX35tuC1zyFhKZL",
      "team": "TOAC06ADF3",
      "name": "85EEA602CA",
      "is_restricted": false,
      "is_ultra_restricted": false
    }
  },
  {
    "client_msg_id": "654d18cc-1c10-b279-cfdc-596aeb058a6d",
    "type": "message",
    "user": "UOF82F39AE",
    "text": "n3S3KfdGJ6w ZVIJ3hTX9OH kAWzI7xKke14XtOvTCbHSr33nZeA4bw",
    "ts": "1736554783.040199",
    "thread_ts": "1736478630.905399",
    "parent_user_id": "UOF82F39AE",
    "team": "TO16BA84F53",
    "replace_original": false,
    "delete_original": false,
    "metadata": {
      "event_type": "",
      "event_payload": null
    },
    "blocks": null,
    "user_team": "TO16BA84F53",
    "source_team": "TO16BA84F53",
    "user_profile": {
      "avatar_hash": "",
      "image_72": "yddtdruvtlUSBbnY8i5BiycOTFSuHNjfVRUoUuO5rn5pC98t9g4or9V5yvGbNOOIzYYoO7vuMtlguNiw2jo7ZkYT j6IHw8nuYnBuWvzkM95 K5m6YHmtw6niJsTCeIF16nJNU8JHATPb  0yKyMvRm",
      "first_name": "sMzz45ztMvr4suyWyeFoNwn3l uVm0gCleRuqUKjR",
      "real_name": "WgO268Xc0KtFylJ",
      "display_name": "",
      "team": "TOAC06ADF3",
      "name": "080EB6B",
      "is_restricted": false,
      "is_ultra_restricted": false
    }
  },
  {
    "client_msg_id": "0ed35542-282a-1ef2-b2a7-450959f4531f",
    "type": "message",
    "user": "UOB5F987BF17",
    "text": "h2rMV808qT9SyxsdgCtzLnupD0hCIkla7 7Gssu1DiRVIXlotkbjYFNYy44jd",
    "ts": "1736554801.872639",
    "thread_ts": "1736554801.872639",
    "last_read": "1736554819.539739",
    "subscribed": true,
    "reply_count": 1,
    "reply_users": [
      "UOF82F39AE"
    ],
    "replies": [
      {
        "user": "UOF82F39AE",
        "ts": "1736554819.539739"
      }
    ],
    "latest_reply": "1736554819.539739",
    "team": "TO16BA84F53",
    "replace_original": false,
    "delete_original": false,
    "metadata": {
      "event_type": "",
      "event_payload": null
    },
    "blocks": null,
    "user_team": "TO16BA84F53",
    "source_team": "TO16BA84F53",
    "user_profile": {
      "avatar_hash": "",
      "image_72": "l0bst96itnLyhPl6UJlkOJFsLNch96otXXLi8wBnyjau7sjYULg0lOh6VOdfUacrtSZk0OCaW3U4mlIYrIEaV0bpEuZPPjXpWVefdpwaQI7f4IC4XwZtaABXvE8Ra5F3McpyikbH91IUXeryibmwX5A",
      "first_name": "OfrpcX2ffsK0bepCUhIqiKhU8wOvK754Xi",
      "real_name": "VFRmaaKq7LC7tyRP",
      "display_name": "YTX35tuC1zyFhKZL",
      "team": "TOAC06ADF3",
      "name": "85EEA602CA",
      "is_restricted": false,
      "is_ultra_restricted": false
    },
    "reply_users_count": 1
  },
  {
    "client_msg_id": "f5e3d13b-6133-1a98-7df4-1f66a661d680",
    "type": "message",
    "user": "UOF82F39AE",
    "text": "KxJU9MCVIGfruLkU5IOHKxRcSG1XHW1z1ElgU ke8TocXkTtnUCgfmTC7XiFrWqP7RLTFtHFvlm6pQ",
    "ts": "1736554819.539739",
    "thread_ts": "1736554801.872639",
    "parent_user_id": "UOB5F987BF17",
    "team": "TO16BA84F53",
    "replace_original": false,
    "delete_original": false,
    "metadata": {
      "event_type": "",
      "event_payload": null
    },
    "blocks": null,
    "user_team": "TO16BA84F53",
    "source_team": "TO16BA84F53",
    "user_profile": {
      "avatar_hash": "",
      "image_72": "yddtdruvtlUSBbnY8i5BiycOTFSuHNjfVRUoUuO5rn5pC98t9g4or9V5yvGbNOOIzYYoO7vuMtlguNiw2jo7ZkYT j6IHw8nuYnBuWvzkM95 K5m6YHmtw6niJsTCeIF16nJNU8JHATPb  0yKyMvRm",
      "first_name": "sMzz45ztMvr4suyWyeFoNwn3l uVm0gCleRuqUKjR",
      "real_name": "WgO268Xc0KtFylJ",
      "display_name": "",
      "team": "TOAC06ADF3",
      "name": "080EB6B",
      "is_restricted": false,
      "is_ultra_restricted": false
    }
  },
  {
    "type": "message",
    "user": "UO1D8E698D",
    "text": "aILIU32amo4yT5x9HptclUPlN96IfYuzTRmXEpvSoDJa GIE4XnQwj7IzpF",
    "ts": "1736554828.343759",
    "thread_ts": "1736554828.343759",
    "last_read": "1736554838.911679",
    "subscribed": true,
    "subtype": "tombstone",
    "hidden": true,
    "reply_count": 1,
    "reply_users": [
      "UOB5F987BF17"
    ],
    "replies": [
      {
        "user": "UOB5F987BF17",
        "ts": "1736554838.911679"
      }
    ],
    "parent_user_id": "UO1D8E698D",
    "latest_reply": "1736554838.911679",
    "replace_original": false,
    "delete_original": false,
    "metadata": {
      "event_type": "",
      "event_payload": null
    },
    "blocks": null,
    "user_profile": {
      "avatar_hash": "",
      "image_72": "3yNcsmxUKZd tiFr8nSEbNdWd8BaaZV8tiW2HLY8qjVPrlYb9C",
      "first_name": "ryMLRYW1Iefx3el",
      "real_name": "9FNmCFGF",
      "display_name": "zCQmul1N",
      "team": "TOAC06ADF3",
      "name": "28F2B43",
      "is_restricted": false,
      "is_ultra_restricted": false
    },
    "reply_users_count": 1
  },
  {
    "client_msg_id": "2175c1a9-430a-fd91-9475-9530cb738857",
    "type": "message",
    "user": "UOB5F987BF17",
    "text": "oWfrTa6T5UHMawe2KXhnEUP7VbkvruWf7EH1T8VSHTvdB1f9 93xT0R11FuhvTcQAigeOGVS8VAQq",
    "ts": "1736554838.911679",
    "thread_ts": "1736554828.343759",
    "parent_user_id": "UO1D8E698D",
    "team": "TO16BA84F53",
    "replace_original": false,
    "delete_original": false,
    "metadata": {
      "event_type": "",
      "event_payload": null
    },
    "blocks": null,
    "user_team": "TO16BA84F53",
    "source_team": "TO16BA84F53",
    "user_profile": {
      "avatar_hash": "",
      "image_72": "l0bst96itnLyhPl6UJlkOJFsLNch96otXXLi8wBnyjau7sjYULg0lOh6VOdfUacrtSZk0OCaW3U4mlIYrIEaV0bpEuZPPjXpWVefdpwaQI7f4IC4XwZtaABXvE8Ra5F3McpyikbH91IUXeryibmwX5A",
      "first_name": "OfrpcX2ffsK0bepCUhIqiKhU8wOvK754Xi",
      "real_name": "VFRmaaKq7LC7tyRP",
      "display_name": "YTX35tuC1zyFhKZL",
      "team": "TOAC06ADF3",
      "name": "85EEA602CA",
      "is_restricted": false,
      "is_ultra_restricted": false
    }
  },
  {
    "client_msg_id": "04a1201b-5c9e-00ad-7ca6-791135207cc0",
    "type": "message",
    "user": "UOF82F39AE",
    "text": "KHqjZ BOwAksRyucZV4Vmrgo2iM74Cdh",
    "ts": "1736560955.039969",
    "team": "TO16BA84F53",
    "replace_original": false,
    "delete_original": false,
    "metadata": {
      "event_type": "",
      "event_payload": null
    },
    "blocks": null,
    "user_team": "TO16BA84F53",
    "source_team": "TO16BA84F53",
    "user_profile": {
      "avatar_hash": "",
      "image_72": "yddtdruvtlUSBbnY8i5BiycOTFSuHNjfVRUoUuO5rn5pC98t9g4or9V5yvGbNOOIzYYoO7vuMtlguNiw2jo7ZkYT j6IHw8nuYnBuWvzkM95 K5m6YHmtw6niJsTCeIF16nJNU8JHATPb  0yKyMvRm",
      "first_name": "sMzz45ztMvr4suyWyeFoNwn3l uVm0gCleRuqUKjR",
      "real_name": "WgO268Xc0KtFylJ",
      "display_name": "",
      "team": "TOAC06ADF3",
      "name": "080EB6B",
      "is_restricted": false,
      "is_ultra_restricted": false
    }
  },
  {
    "client_msg_id": "57a4a596-5755-950c-58e4-e9cdcc21266d",
    "type": "message",
    "user": "UOF82F39AE",
    "text": "cZKd73xRR8vIPEV5c60tVwk hsXxjRgGZcMvKU1OTpCOGAJzyZWTqpBvdPit3RfJ8usrWyVgc2Aj00adIb4HjDBHJIaqxnX6B7AKRAR1fbd6krqET46MSOr3CtFrxvwiR7W",
    "ts": "1736560990.444379",
    "files": [
      {
        "id": "FO746B80F5F9",
        "created": 1736561032,
        "timestamp": 1736561032,
        "name": "UYt6OUsnR7j1SfHiJNZr8nvykMlRPheYNHLmEsOgRi27CyoQqusJrRksBRvrSx4CW",
        "title": "rrMY182e2fds88wrn5TPgX5C2nHiLf25Tzv6L7 OhFPfh0I7ywdR2B0FyNggFSMcl",
        "mimetype": "application/vnd.google-apps.document",
        "image_exif_rotation": 0,
        "filetype": "gdoc",
        "pretty_type": "Google Docs",
        "user": "UOF82F39AE",
        "mode": "external",
        "editable": false,
        "is_external": true,
        "external_type": "gdrive",
        "size": 121616,
        "url": "",
        "url_download": "",
        "url_private": "dArIhHuPloeEMBnxoYE DSrYEXIiZviJJkDHg2i2L6fevRgEBfKAkLawF9GjrPYdpEA0SzkSUONbWPvMWVZTxcCKKDkggHKgpyXEuAczSmYCoIAKpEq9VDEDtoe",
        "url_private_download": "",
        "original_h": 0,
        "original_w": 0,
        "thumb_64": "https://files.slack.com/UqIl5wsnk9EsX07ZqIwruHS5hs6o9LGqX1p8Y4EZlDeMQAJk3OtZrXoPAvHCf9NCOpqbrhxOea5sQa9oaMC5bvTmerLBFZu4VauUVTagHWId7jo2MLfJFHATNiJI7MQiwUwQTvVpoe O",
        "thumb_80": "https://files.slack.com/N2Aclf3OrhLVX2Ym9HP7IYSW981O 5j4Dqv0PzAW3DB1JqzQNjFmaMcycWqbADOFQwYbVuuhe3g56XmmHAEc0prf5PNSmKbpZxiTu2MLyz7HTg0qbCTqlYY",
        "thumb_160": "https://files.slack.com/SQ42sohxy5i1mRc7T5CwJbXHJFnFQOVlC3Vaey3iOyVw9bdZ96Ku4bpPSPBZqr4egCg3PwszW4AYnHxUNMLgdLL6Bud8x0DJGA4yy8nkItebaRHulB54SinZou7zamOcLw3YEoALKE0CHLYG",
        "thumb_360": "https://files.slack.com/gnbn2zntWqEGDHXNqA5tD1jyvVqgFtU yIHtqgWnbiHis8QzuDbYCZqxMZELCvUFg1nSwGXTIPHvq53qjKPjuwqPZR38XQ1kKCoFRAYE zUgioinVjSysnsKe6Kakkn  Np1DSFLa7xn1lAnjDwp",
        "thumb_360_gif": "",
        "thumb_360_w": 0,
        "thumb_360_h": 0,
        "thumb_480": "https://files.slack.com/H6h33HogzKqD8GVAGEzmSj9IrGHDv qlKxs8KW342Wmnn3EqqCki2Q5WpfqvYoSDRQTFLrg8mtVivkjXZQRsL5UW01vNHBk3NJebYT8eNL2ooczHk0Tbkg6Mubtyl",
        "thumb_480_w": 0,
        "thumb_480_h": 0,
        "thumb_720": "https://files.slack.com/i1n6de4iP A58ObVu2arTdDjtscmHK2UZnGEG0jw7CwsM6Y dWlb0plArA7zbK qReAqK4LAjY1L0Ue5 L On8HAFBKYsDjAfaE suNwxDyDuOfLQ41C3",
        "thumb_720_w": 0,
        "thumb_720_h": 0,
        "thumb_960": "https://files.slack.com/weFNQceMlhlrwGMbghQop6fV62DgN28EYuWVrxuoDvc390AHMCG9vSw8IGeVYuuTEZGAo3Erg7DPzP51X1tOdcNCRlCV7CZ0SATbbw6vUYKkfAFDvAG BuBRuV8PpDFNZqJbAG0yuwggJugTW0DufK",
        "thumb_960_w": 0,
        "thumb_960_h": 0,
        "thumb_1024": "https://files.slack.com/n70RzF N7aQXFh8wlhRlit8QDiLwCEVwn6k7eXJydZrEkAu32UoPHwk7lBcKPNf3xYIXLmrjffRYTdsIuDEyD8jww6cQb8biqUv8AszHbmHniPMOmfu0fb8rJBisJ19",
        "thumb_1024_w": 0,
        "thumb_1024_h": 0,
        "permalink": "75s8EbAdrtf536EhfErTcMfJPYKlB9cWay1wvTrN3PEcCT6YkOowioILfGSCbDh7vh7ARvBdZIYLaHAQDWsySn8QzO8KG5vn4cjqDytOUy9kjGORO1qe9EHZXp3XUz4Q",
        "permalink_public": "",
        "edit_link": "",
        "preview": "",
        "preview_highlight": "",
        "lines": 0,
        "lines_more": 0,
        "is_public": true,
        "public_url_shared": false,
        "channels": null,
        "groups": null,
        "ims": null,
        "initial_comment": {},
        "comments_count": 0,
        "num_stars": 0,
        "is_starred": false,
        "shares": {
          "public": null,
          "private": null
        }
      }
    ],
    "replace_original": false,
    "delete_original": false,
    "metadata": {
      "event_type": "",
      "event_payload": null
    },
    "blocks": null,
    "user_profile": {
      "avatar_hash": "",
      "image_72": "yddtdruvtlUSBbnY8i5BiycOTFSuHNjfVRUoUuO5rn5pC98t9g4or9V5yvGbNOOIzYYoO7vuMtlguNiw2jo7ZkYT j6IHw8nuYnBuWvzkM95 K5m6YHmtw6niJsTCeIF16nJNU8JHATPb  0yKyMvRm",
      "first_name": "sMzz45ztMvr4suyWyeFoNwn3l uVm0gCleRuqUKjR",
      "real_name": "WgO268Xc0KtFylJ",
      "display_name": "",
      "team": "TOAC06ADF3",
      "name": "080EB6B",
      "is_restricted": false,
      "is_ultra_restricted": false
    }
  },
  {
    "client_msg_id": "a9f1a7bb-6a8f-54be-188c-f7613e840f6b",
    "type": "message",
    "user": "UOF82F39AE",
    "text": "sTJipC5Rkn7fG2HqELHmBB0xiqZ5lsRKEFX4teeI3dG Uy5t nw9DFnJ1tKdCjnZ96Zyq",
    "ts": "1736562623.558619",
    "team": "TO16BA84F53",
    "replace_original": false,
    "delete_original": false,
    "metadata": {
      "event_type": "",
      "event_payload": null
    },
    "blocks": null,
    "user_team": "TO16BA84F53",
    "source_team": "TO16BA84F53",
    "user_profile": {
      "avatar_hash": "",
      "image_72": "yddtdruvtlUSBbnY8i5BiycOTFSuHNjfVRUoUuO5rn5pC98t9g4or9V5yvGbNOOIzYYoO7vuMtlguNiw2jo7ZkYT j6IHw8nuYnBuWvzkM95 K5m6YHmtw6niJsTCeIF16nJNU8JHATPb  0yKyMvRm",
      "first_name": "sMzz45ztMvr4suyWyeFoNwn3l uVm0gCleRuqUKjR",
      "real_name": "WgO268Xc0KtFylJ",
      "display_name": "",
      "team": "TOAC06ADF3",
      "name": "080EB6B",
      "is_restricted": false,
      "is_ultra_restricted": false
    }
  },
  {
    "client_msg_id": "1d6704e9-92b9-417c-88a3-c1a836371808",
    "type": "message",
    "user": "UOF82F39AE",
    "ts": "1736582524.607359",
    "files": [
      {
        "id": "FO260121BC1C",
        "created": 1736582519,
        "timestamp": 1736582519,
        "name": "befvnsUNVjwGzKFcKxuIlJ2dYo5z59neCfT8P2Y3t",
        "title": "zYgi8k4UZoOBsdzOLnUbwSR cBEKTKNLGqjCx WNKZyDWkzdKKh 2VVY1m",
        "mimetype": "image/jpeg",
        "image_exif_rotation": 0,
        "filetype": "jpg",
        "pretty_type": "JPEG",
        "user": "UOF82F39AE",
        "mode": "hosted",
        "editable": false,
        "is_external": false,
        "external_type": "",
        "size": 239922,
        "url": "",
        "url_download": "",
        "url_private": "https://files.slack.com/tQeO2Jzl7hibouCaKrzffDNDIbinPa49wCWscbtUmz5QuZU3dwkOCHf6J8vnh3PPjJkU",
        "url_private_download": "https://files.slack.com/SjoGUSCtTaLY 0nPqWoJpy5ujrgSH6VIwFc15yTtMozI4z NZaVjtnKXuiLTjBcKWtqLWtXTAVUfn u0PtJoNE",
        "original_h": 0,
        "original_w": 0,
        "thumb_64": "https://files.slack.com/TPb  0yKyMvRma7NXi1ilMZNg1XTSibiTiKkRIU8RIAmutfwOilta wHm6BkD6GgsohnLHT5stERpAQ7Yj",
        "thumb_80": "https://files.slack.com/xuoPp9V5rjce7Ixy0KU ZOcmVsfIKTHnvyj46shC3MhEGNRXkUzGR4O3kwNWLnSckFUKSkXo33zdlgnBplLkxVC38DIkGNA7UX6xHxpA",
        "thumb_160": "https://files.slack.com/6Ib 5F5KmpeMqUR2mU0PZWCZFcx Ry7VhO9goNDElESPVK5Z9iDCK8sOijxgFo2Fjw8o0np0Bk5kC6VBt",
        "thumb_360": "https://files.slack.com/Cq4MO3R QwLtkDUbBGrx Cz7MFTeiXAVrq8suYtTBUty2Xw8FJ5OVRfWirvdDOap8n4J3z706WAu",
        "thumb_360_gif": "",
        "thumb_360_w": 0,
        "thumb_360_h": 0,
        "thumb_480": "https://files.slack.com/jE7sgU34BvV31C8 SFPzVKnq1USRLYVSo2 akjMzinOMtas9YVdkmqAZyzmvsTJ4hMU9nZIBD2KUQAs1LGLH3cYF736fDCl9Pml8hN35wJcg",
        "thumb_480_w": 0,
        "thumb_480_h": 0,
        "thumb_720": "",
        "thumb_720_w": 0,
        "thumb_720_h": 0,
        "thumb_960": "",
        "thumb_960_w": 0,
        "thumb_960_h": 0,
        "thumb_1024": "",
        "thumb_1024_w": 0,
        "thumb_1024_h": 0,
        "permalink": "wsy5bzKc9bQAr5B4U2UP0pNWVsyddtdruvtlUSBbnY8i5BiycOTFSuHNjfVRUoUuO5rn5pC98t9g4or9V5yvGbNO",
        "permalink_public": "IzYYoO7vuMtlguNiw2jo7ZkYT j6IHw8nuYnBuWvzkM95 K5m6YHmtw6niJsTCeIF16nJNU8JH",
        "edit_link": "",
        "preview": "",
        "preview_highlight": "",
        "lines": 0,
        "lines_more": 0,
        "is_public": true,
        "public_url_shared": false,
        "channels": null,
        "groups": null,
        "ims": null,
        "initial_comment": {},
        "comments_count": 0,
        "num_stars": 0,
        "is_starred": false,
        "shares": {
          "public": null,
          "private": null
        }
      }
    ],
    "replace_original": false,
    "delete_original": false,
    "metadata": {
      "event_type": "",
      "event_payload": null
    },
    "blocks": null,
    "user_profile": {
      "avatar_hash": "",
      "image_72": "yddtdruvtlUSBbnY8i5BiycOTFSuHNjfVRUoUuO5rn5pC98t9g4or9V5yvGbNOOIzYYoO7vuMtlguNiw2jo7ZkYT j6IHw8nuYnBuWvzkM95 K5m6YHmtw6niJsTCeIF16nJNU8JHATPb  0yKyMvRm",
      "first_name": "sMzz45ztMvr4suyWyeFoNwn3l uVm0gCleRuqUKjR",
      "real_name": "WgO268Xc0KtFylJ",
      "display_name": "",
      "team": "TOAC06ADF3",
      "name": "080EB6B",
      "is_restricted": false,
      "is_ultra_restricted": false
    }
  }
]
