[
  {
    "type": "message",
    "user": "UO0EC43A4792",
    "text": "VTqHcBWssWFAUWgO268Xc0KtFylJJ4Uxax9flaVZ5EO9sMzz45ztMvr4suyWyeFoNwn3l uVm0gCleRuqUKjRuycupE0OEwo2upTQ",
    "ts": "1737160363.583369",
    "edited": {
      "user": "UO2FDF223549",
      "ts": "1737160371.000000"
    },
    "bot_id": "B089LPE68BB",
    "bot_profile": {
      "app_id": "AOD47AE6B5",
      "icons": {
        "image_36": "y2HFezy 3d i9u DjiE4xdcr2tjkuNwD6FmD n0A99gIBPArDcbmhHWWM526Sq1N474KlmEPOxYnDw9rR68",
        "image_48": "Vlj wvPmZrm1r4xIeZKt2VslZIZWym3r21ICTyPZ 1KKaRqt1LLggsDsc xTEJYUd50UGwBDLHgTLBeMgSP",
        "image_72": "pi5sqzHTrZ9gKtvm2DGbpvzSxeUe5yPHyEm9VQrtNawwpbJD7gCpsk3YleWideM7QUnFDlTlYLwkkPjZ9Ls"
      },
      "id": "BO2FDF223549",
      "name": "2NR0w",
      "team_id": "TOAC06ADF3"
    },
    "team": "TO16BA84F53",
    "replace_original": false,
    "delete_original": false,
    "metadata": {
      "event_type": "",
      "event_payload": null
    },
    "blocks": null,
    "user_team": "TO16BA84F53",
    "source_team": "TO16BA84F53"
  }
]
